Year,All-items,Owned accommodation,Rented accommodation,"Water, fuel and electricity"
1975-01-01,0.100775194,0.016447368,-0.002631579,0.077419355
1975-02-01,0.103846154,0.013029316,-0.002624672,0.077419355
1975-03-01,0.103448276,0.003215434,0,0.077419355
1975-04-01,0.098113208,0.009615385,-0.002610966,0.129032258
1975-05-01,0.089552239,0.006349206,0,0.129032258
1975-06-01,0.088560886,0,0.005208333,0.141935484
1975-07-01,0.094890511,0.003105590,0.005181347,0.180645161
1975-08-01,0.101818182,0.006153846,0.012953368,0.187096774
1975-09-01,0.097826087,0.012269939,0.010309278,0.187096774
1975-10-01,0.111510791,0.184210526,0.020512821,0.354838710
1975-11-01,0.110320285,0.179153094,0.028205128,0.346153846
1975-12-01,0.113475177,0.180064309,0.063660477,0.346153846
1976-01-01,0.109154930,0.194174757,0.063324538,0.257485030
1976-02-01,0.104529617,0.196141479,0.060526316,0.257485030
1976-03-01,0.104166667,0.201923077,0.062827225,0.257485030
1976-04-01,0.092783505,0.2,0.062827225,0.2
1976-05-01,0.095890411,0.201892744,0.062663185,0.2
1976-06-01,0.094915254,0.20625,0.062176166,0.186440678
1976-07-01,0.080000000,0.201238390,0.059278351,0.169398907
1976-08-01,0.079207921,0.198776758,0.061381074,0.163043478
1976-09-01,0.079207921,0.193939394,0.061224490,0.163043478
1976-10-01,0.061488673,0.086111111,0.055276382,0.076190476
1976-11-01,0.057692308,0.088397790,0.049875312,0.076190476
1976-12-01,0.050955414,0.081743869,0.052369077,0.076190476
1977-01-01,0.050793651,0.084010840,0.052109181,0.076190476
1977-02-01,0.056782334,0.080645161,0.064516129,0.076190476
1977-03-01,0.066037736,0.077333333,0.059113300,0.109523810
1977-04-01,0.081761006,0.071428571,0.066502463,0.271428571
1977-05-01,0.08125,0.070866142,0.066339066,0.280952381
1977-06-01,0.080495356,0.064766839,0.060975610,0.285714286
1977-07-01,0.083333333,0.064432990,0.065693431,0.289719626
1977-08-01,0.076452599,0.061224490,0.055421687,0.289719626
1977-09-01,0.082568807,0.060913706,0.057692308,0.331775701
1977-10-01,0.085365854,0.076726343,0.054761905,0.261061947
1977-11-01,0.084848485,0.073604061,0.054631829,0.261061947
1977-12-01,0.090909091,0.073047859,0.054502370,0.269911504
1978-01-01,0.087613293,0.067500000,0.051886792,0.269911504
1978-02-01,0.083582090,0.067164179,0.053613054,0.269911504
1978-03-01,0.079646018,0.069306931,0.053488372,0.274678112
1978-04-01,0.069767442,0.066666667,0.050808314,0.112359551
1978-05-01,0.069364162,0.061274510,0.050691244,0.104089219
1978-06-01,0.071633238,0.058394161,0.050574713,0.103703704
1978-07-01,0.074074074,0.060532688,0.047945205,0.079710145
1978-08-01,0.079545455,0.057692308,0.052511416,0.079710145
1978-09-01,0.073446328,0.057416268,0.047727273,0.084210526
1978-10-01,0.084269663,0.071258907,0.047404063,0.087719298
1978-11-01,0.081005587,0.068557920,0.049549550,0.087719298
1978-12-01,0.080555556,0.063380282,0.047191011,0.083623693
1979-01-01,0.083333333,0.065573770,0.047085202,0.087108014
1979-02-01,0.082644628,0.062937063,0.042035398,0.087108014
1979-03-01,0.087431694,0.057870370,0.044150110,0.057239057
1979-04-01,0.089673913,0.060185185,0.039560440,0.057239057
1979-05-01,0.097297297,0.062355658,0.041666667,0.057239057
1979-06-01,0.090909091,0.059770115,0.039387309,0.053691275
1979-07-01,0.092838196,0.054794521,0.037037037,0.053691275
1979-08-01,0.084210526,0.056818182,0.036876356,0.063758389
1979-09-01,0.092105263,0.052036199,0.039045553,0.074433657
1979-10-01,0.080310881,0.053215078,0.032327586,0.070967742
1979-11-01,0.093023256,0.053097345,0.030042918,0.093548387
1979-12-01,0.087403599,0.055187638,0.032188841,0.090032154
1980-01-01,0.094871795,0.052747253,0.029978587,0.144230769
1980-02-01,0.096692112,0.054824561,0.033970276,0.153846154
1980-03-01,0.100502513,0.059080963,0.033826638,0.175159236
1980-04-01,0.099750623,0.069868996,0.033826638,0.181528662
1980-05-01,0.096059113,0.073913043,0.031578947,0.181528662
1980-06-01,0.102941176,0.084598698,0.035789474,0.184713376
1980-07-01,0.101941748,0.088744589,0.037815126,0.197452229
1980-08-01,0.111650485,0.083870968,0.035564854,0.198738170
1980-09-01,0.110843373,0.090322581,0.037578288,0.144578313
1980-10-01,0.119904077,0.084210526,0.043841336,0.207831325
1980-11-01,0.122931442,0.086134454,0.045833333,0.203539823
1980-12-01,0.125295508,0.089958159,0.045738046,0.203539823
1981-01-01,0.124121780,0.093945720,0.049896050,0.204481793
1981-02-01,0.125290023,0.097713098,0.051334702,0.194444444
1981-03-01,0.121004566,0.097107438,0.051124744,0.208672087
1981-04-01,0.120181406,0.089795918,0.055214724,0.202156334
1981-05-01,0.121348315,0.095141700,0.057142857,0.242587601
1981-06-01,0.126666667,0.096000000,0.058943089,0.293010753
1981-07-01,0.121145374,0.095427435,0.056680162,0.279255319
1981-08-01,0.117903930,0.105158730,0.060606061,0.265789474
1981-09-01,0.121475054,0.108481262,0.064386318,0.315789474
1981-10-01,0.115631692,0.130097087,0.068,0.249376559
1981-11-01,0.111578947,0.133462282,0.069721116,0.225490196
1981-12-01,0.102941176,0.149712092,0.075546720,0.237745098
1982-01-01,0.100000000,0.150763359,0.073267327,0.176744186
1982-02-01,0.098969072,0.149621212,0.0859375,0.176744186
1982-03-01,0.097759674,0.156308851,0.085603113,0.199551570
1982-04-01,0.099190283,0.159176030,0.093023256,0.199551570
1982-05-01,0.108216433,0.155268022,0.096525097,0.160520607
1982-06-01,0.098619329,0.147810219,0.095969290,0.112266112
1982-07-01,0.098231827,0.152450091,0.103448276,0.116424116
1982-08-01,0.093750000,0.147217235,0.104761905,0.116424116
1982-09-01,0.088974855,0.145907473,0.098298677,0.128
1982-10-01,0.090211132,0.127147766,0.101123596,0.125748503
1982-11-01,0.081439394,0.121160410,0.104283054,0.128
1982-12-01,0.089523810,0.105175292,0.099815157,0.116831683
1983-01-01,0.085227273,0.099502488,0.103321033,0.144268775
1983-02-01,0.082551595,0.095551895,0.111510791,0.144268775
1983-03-01,0.079777365,0.084690554,0.114695341,0.151401869
1983-04-01,0.077348066,0.077544426,0.108156028,0.181308411
1983-05-01,0.063291139,0.070400000,0.102112676,0.181308411
1983-06-01,0.059245961,0.065182830,0.098073555,0.181308411
1983-07-01,0.062611807,0.056692913,0.095486111,0.195530726
1983-08-01,0.0625,0.051643192,0.087931034,0.202979516
1983-09-01,0.058614565,0.046583851,0.091222031,0.145390071
1983-10-01,0.052816901,0.033536585,0.083333333,0.145390071
1983-11-01,0.050788091,0.035007610,0.077571669,0.145390071
1983-12-01,0.050699301,0.027190332,0.075630252,0.145390071
1984-01-01,0.054101222,0.028657617,0.075250836,0.126079447
1984-02-01,0.051993068,0.024060150,0.072815534,0.127806563
1984-03-01,0.042955326,0.028528529,0.069131833,0.060064935
1984-04-01,0.044444444,0.026986507,0.065600000,0.033227848
1984-05-01,0.040816327,0.025411061,0.067092652,0.033227848
1984-06-01,0.040677966,0.028358209,0.070175439,0.033227848
1984-07-01,0.042087542,0.031296572,0.064976228,0.017133956
1984-08-01,0.042016807,0.034226190,0.068145800,0.010835913
1984-09-01,0.041946309,0.031157270,0.066246057,0.020123839
1984-10-01,0.040133779,0.038348083,0.062794349,0.020123839
1984-11-01,0.045,0.041176471,0.064162754,0.055727554
1984-12-01,0.043261231,0.044117647,0.064062500,0.054179567
1985-01-01,0.043046358,0.043988270,0.062208398,0.059815951
1985-02-01,0.044481054,0.048458150,0.069381599,0.058192956
1985-03-01,0.051070840,0.046715328,0.070676692,0.058192956
1985-04-01,0.045826514,0.048175182,0.073573574,0.058192956
1985-05-01,0.050653595,0.048104956,0.071856287,0.058192956
1985-06-01,0.048859935,0.044992743,0.070044709,0.058192956
1985-07-01,0.045234249,0.041907514,0.069940476,0.058192956
1985-08-01,0.045161290,0.037410072,0.069732938,0.058192956
1985-09-01,0.043478261,0.038848921,0.068047337,0.048558422
1985-10-01,0.043408360,0.032670455,0.070901034,0.048558422
1985-11-01,0.035087719,0.021186441,0.067647059,0.013196481
1985-12-01,0.041467305,0.023943662,0.070484581,0.014684288
1986-01-01,0.039682540,0.021067416,0.070278184,0
1986-02-01,0.039432177,0.018207283,0.057827927,0
1986-03-01,0.032915361,0.013947001,0.056179775,-0.021707670
1986-04-01,0.032863850,0.012534819,0.054545455,-0.085383502
1986-05-01,0.034214619,0.018080668,0.054469274,-0.089725036
1986-06-01,0.029503106,0.015277778,0.054317549,-0.105643994
1986-07-01,0.030911901,0.009708738,0.054242003,-0.105643994
1986-08-01,0.030864198,0.009708738,0.052704577,-0.105643994
1986-09-01,0.029320988,0.004155125,0.051246537,-0.105643994
1986-10-01,0.035439137,0.012379642,0.049655172,-0.105643994
1986-11-01,0.040061633,0.017980636,0.050964187,-0.105643994
1986-12-01,0.038284839,0.016506190,0.048010974,-0.082489146
1987-01-01,0.038167939,0.017881706,0.045143639,-0.082489146
1987-02-01,0.037936267,0.017881706,0.033333333,-0.082489146
1987-03-01,0.039453718,0.012379642,0.033244681,-0.062130178
1987-04-01,0.037878788,0.013755158,0.031830239,-0.015822785
1987-05-01,0.031578947,0.002732240,0.031788079,-0.031796502
1987-06-01,0.033182504,0.012311902,0.033025099,-0.014563107
1987-07-01,0.035982009,0.017857143,0.032981530,-0.014563107
1987-08-01,0.034431138,0.019230769,0.035573123,-0.014563107
1987-09-01,0.034482759,0.028965517,0.036890646,-0.014563107
1987-10-01,0.029761905,0.021739130,0.034165572,-0.014563107
1987-11-01,0.037037037,0.023097826,0.034076016,0.019417476
1987-12-01,0.033923304,0.020297700,0.034031414,-0.004731861
1988-01-01,0.030882353,0.020270270,0.036649215,-0.003154574
1988-02-01,0.030701754,0.018918919,0.028387097,-0.003154574
1988-03-01,0.033576642,0.031250000,0.029601030,-0.003154574
1988-04-01,0.036496350,0.035278155,0.029562982,0.016077170
1988-05-01,0.033527697,0.034059946,0.029525032,0.037766831
1988-06-01,0.037956204,0.021621622,0.028132992,0.037766831
1988-07-01,0.039073806,0.025641026,0.028097063,0.037766831
1988-08-01,0.044862518,0.025606469,0.025445293,0.037766831
1988-09-01,0.039130435,0.013404826,0.026683609,0.019704433
1988-10-01,0.043352601,0.025265957,0.029224905,-0.013136289
1988-11-01,0.038571429,0.025232404,0.027883397,-0.046031746
1988-12-01,0.034236805,0.026525199,0.032911392,-0.047543582
1989-01-01,0.039942939,0.030463576,0.031565657,-0.041139241
1989-02-01,0.038297872,0.034482759,0.033877039,-0.041139241
1989-03-01,0.035310734,0.027667984,0.032500000,-0.041139241
1989-04-01,0.039436620,0.027522936,0.034956305,0.004746835
1989-05-01,0.055007052,0.038208169,0.036159601,0.004746835
1989-06-01,0.056258790,0.046296296,0.036069652,0.004746835
1989-07-01,0.054317549,0.048684211,0.039751553,0.004746835
1989-08-01,0.048476454,0.048620237,0.042183623,0.004746835
1989-09-01,0.054393305,0.048941799,0.043316832,0.046698873
1989-10-01,0.049861496,0.050583658,0.040740741,0.081530782
1989-11-01,0.048143054,0.046632124,0.039457460,0.081530782
1989-12-01,0.053793103,0.050387597,0.036764706,0.081530782
1990-01-01,0.050754458,0.050128535,0.035495716,0.092409241
1990-02-01,0.057377049,0.047435897,0.036407767,0.123762376
1990-03-01,0.061391542,0.055128205,0.036319613,0.133663366
1990-04-01,0.054200542,0.051020408,0.034981906,0.094488189
1990-05-01,0.045454545,0.046954315,0.034897714,0.094488189
1990-06-01,0.043941411,0.041719343,0.033613445,0.092913386
1990-07-01,0.042272127,0.040150565,0.031063321,0.107086614
1990-08-01,0.043593131,0.042606516,0.028571429,0.107086614
1990-09-01,0.047619048,0.064312736,0.029655991,0.081538462
1990-10-01,0.048812665,0.050617284,0.029655991,0.081538462
1990-11-01,0.053805774,0.059405941,0.029655991,0.186153846
1990-12-01,0.060209424,0.051660517,0.027186761,0.244615385
1991-01-01,0.084856397,0.057527540,0.029550827,0.303625378
1991-02-01,0.074935401,0.058751530,0.030444965,0.224669604
1991-03-01,0.073264781,0.053462940,0.031542056,0.170305677
1991-04-01,0.068123393,0.053398058,0.030303030,0.113669065
1991-05-01,0.063938619,0.054545455,0.029069767,0.113669065
1991-06-01,0.061224490,0.054611650,0.029036005,0.115273775
1991-07-01,0.054499366,0.043425814,0.028968714,0.100995733
1991-08-01,0.051898734,0.044471154,0.027777778,0.100995733
1991-09-01,0.051767677,0.033175355,0.025345622,0.100995733
1991-10-01,0.047798742,0.035252644,0.028801843,0.100995733
1991-11-01,0.043586550,0.029205607,0.029953917,0.024643320
1991-12-01,0.028395062,0.022222222,0.029919448,-0.022249691
1992-01-01,0.002406739,0.011574074,0.027554535,-0.083429896
1992-02-01,0.006009615,0.010404624,0.023863636,-0.051558753
1992-03-01,0.008383234,0.009227220,0.021517554,-0.016169154
1992-04-01,0.014440433,0.010368664,0.021493213,0.040051680
1992-05-01,0.010817308,-0.004597701,0.018079096,0.040051680
1992-06-01,0.012019231,-0.001150748,0.019187359,0.040051680
1992-07-01,0.012019231,-0.003468208,0.018018018,0.040051680
1992-08-01,0.012033694,-0.012658228,0.021396396,0.037467700
1992-09-01,0.007202881,-0.013761468,0.020224719,0.037467700
1992-10-01,0.006002401,-0.028376844,0.017917133,0.037467700
1992-11-01,0.007159905,-0.029511918,0.016778523,0.016455696
1992-12-01,0.006002401,-0.018306636,0.015642458,0.015170670
1993-01-01,0.006002401,-0.019450801,0.016759777,0.018963338
1993-02-01,0.004778973,-0.024027460,0.009988901,0.018963338
1993-03-01,0,-0.025142857,0.009977827,0.018963338
1993-04-01,0,-0.017103763,0.013289037,0.017391304
1993-05-01,0.004756243,-0.008083141,0.016648169,0.017391304
1993-06-01,0.005938242,-0.006912442,0.015503876,0.017391304
1993-07-01,0.007125891,0,0.014380531,0.017391304
1993-08-01,0.008323424,0.001165501,0.012127894,0.019925280
1993-09-01,0.010727056,-0.005813953,0.008810573,0.019925280
1993-10-01,0.021479714,0.015186916,0.012101210,0.029887920
1993-11-01,0.020142180,0.010526316,0.012101210,0.031133250
1993-12-01,0.026252983,0.010489510,0.013201320,0.033623910
1994-01-01,0.027446301,0.002333722,0.013186813,0.029776675
1994-02-01,0.020214031,0.005861665,0.014285714,0.028535980
1994-03-01,0.019002375,0.005861665,0.014270033,-0.009925558
1994-04-01,0.011862396,-0.017401392,0.007650273,-0.024420024
1994-05-01,0.009467456,-0.006984866,0.010917031,-0.024420024
1994-06-01,0.007083825,-0.008120650,0.011995638,-0.024420024
1994-07-01,0.011792453,-0.011600928,0.011995638,-0.028083028
1994-08-01,0.014150943,-0.003492433,0.011982571,-0.028083028
1994-09-01,0.011792453,0.008187135,0.014192140,-0.028083028
1994-10-01,0.002336449,-0.010356732,0.008695652,-0.037484885
1994-11-01,0,-0.004629630,0.009782609,-0.038647343
1994-12-01,-0.002325581,-0.004613610,0.008686211,-0.040963855
1995-01-01,-0.001161440,0.010477299,0.007592191,-0.040963855
1995-02-01,0.006993007,0.011655012,0.007583965,-0.039806996
1995-03-01,0.010489510,0.016317016,0.006493506,0.006265664
1995-04-01,0.017584994,0.034238489,0.009761388,0.006257822
1995-05-01,0.023446659,0.029308324,0.006479482,0.006257822
1995-06-01,0.019929660,0.026900585,0.004310345,0.006257822
1995-07-01,0.018648019,0.034037559,0.004310345,0.010050251
1995-08-01,0.010465116,0.029205607,0.004305705,0.010050251
1995-09-01,0.013986014,0.024361949,0.004305705,0.010050251
1995-10-01,0.012820513,0.019767442,0.006465517,0.001256281
1995-11-01,0.010452962,0.019767442,0.005382131,0.006281407
1995-12-01,0.008158508,0.017381228,0.005382131,0.008793970
1996-01-01,0.011627907,0.013824885,0.006458558,0.026381910
1996-02-01,0.006944444,0.012672811,0.005376344,0.032663317
1996-03-01,0.008073818,0.004587156,0.006451613,0.057285181
1996-04-01,0.010368664,0.001141553,0.007518797,0.055970149
1996-05-01,0.016036655,0,0.006437768,0.060945274
1996-06-01,0.017241379,0.003416856,0.006437768,0.060945274
1996-07-01,0.009153318,-0.001135074,0.006437768,0.060945274
1996-08-01,0.017261220,-0.002270148,0.005359057,0.060945274
1996-09-01,0.018390805,-0.002265006,0.006430868,0.068407960
1996-10-01,0.024165708,0.001140251,0.008565310,0.102885822
1996-11-01,0.026436782,-0.002280502,0.009635974,0.116104869
1996-12-01,0.034682081,-0.004555809,0.009635974,0.124533001
1997-01-01,0.027586207,-0.009090909,0.008556150,0.107711138
1997-02-01,0.028735632,-0.012514221,0.009625668,0.100973236
1997-03-01,0.028604119,-0.009132420,0.008547009,0.049469965
1997-04-01,0.026225770,-0.013683010,0.006396588,0.096584217
1997-05-01,0.014656144,-0.001138952,0.006396588,0.075029308
1997-06-01,0.014689266,-0.010215664,0.006396588,0.075029308
1997-07-01,0.020408163,-0.009090909,0.006396588,0.075029308
1997-08-01,0.020361991,-0.009101251,0.008528785,0.075029308
1997-09-01,0.018058691,-0.007945516,0.007454739,0.051222352
1997-10-01,0.015730337,0.006833713,0.006369427,0.026166098
1997-11-01,0.010078387,0.005714286,0.005302227,0.008948546
1997-12-01,0.006703911,0.006864989,0.005302227,-0.001107420
1998-01-01,0.014541387,0.009174312,0.006362672,-0.007734807
1998-02-01,0.012290503,0.010368664,0.005296610,-0.016574586
1998-03-01,0.008898776,0.013824885,0.005296610,-0.021324355
1998-04-01,0.006666667,0.023121387,0.005296610,-0.062298604
1998-05-01,0.007777778,0.009122007,0.004237288,-0.047982552
1998-06-01,0.008908686,0.012614679,0.004237288,-0.047982552
1998-07-01,0.007777778,0.016055046,0.005296610,-0.047982552
1998-08-01,0.006651885,0.010332951,0.003171247,-0.047982552
1998-09-01,-0.002217295,0.017162471,0.005285412,-0.184939092
1998-10-01,0.005530973,0,0.002109705,-0.037694013
1998-11-01,0.007760532,0.006818182,0.002109705,-0.049889135
1998-12-01,0.005549390,0.010227273,0.002109705,-0.053215078
1999-01-01,-0.002205072,0.004545455,0.001053741,-0.052338530
1999-02-01,0.004415011,0.015963512,0.001053741,-0.043820225
1999-03-01,0.002205072,0.014772727,0.002107482,-0.040137615
1999-04-01,0.013245033,0.014689266,0.003161222,0.003436426
1999-05-01,0.013230430,0.012429379,0.005274262,-0.002290951
1999-06-01,0.015452539,0.015855040,0.006329114,-0.002290951
1999-07-01,0.015435502,0.016930023,0.005268704,-0.002290951
1999-08-01,0.022026432,0.027272727,0.005268704,0.020618557
1999-09-01,0.035555556,0.023622047,0.006309148,0.245923913
1999-10-01,0.026402640,0.032805430,0.007368421,0.069124424
1999-11-01,0.028602860,0.031602709,0.007368421,0.087514586
1999-12-01,0.030905077,0.033745782,0.009473684,0.120608899
2000-01-01,0.032044199,0.041855204,0.009473684,0.131609871
2000-02-01,0.032967033,0.037037037,0.010526316,0.231492362
2000-03-01,0.039603960,0.038073908,0.009463722,0.222222222
2000-04-01,0.027233115,0.041202673,0.010504202,0.115296804
2000-05-01,0.030467900,0.050223214,0.009443861,0.121699196
2000-06-01,0.034782609,0.051282051,0.009433962,0.121699196
2000-07-01,0.032573290,0.047724750,0.010482180,0.121699196
2000-08-01,0.024784483,0.048672566,0.011530398,0.096520763
2000-09-01,0.027896996,0.040659341,0.008359457,0.139585605
2000-10-01,0.030010718,0.052573932,0.012539185,0.141163793
2000-11-01,0.034224599,0.054704595,0.014629049,0.139484979
2000-12-01,0.032119914,0.052230686,0.013555787,0.150470219
2001-01-01,0.027837259,0.053203040,0.013555787,0.078920042
2001-02-01,0.023404255,0.051948052,0.014583333,-0.019083969
2001-03-01,0.020105820,0.051779935,0.013541667,-0.004887586
2001-04-01,0.029692471,0.043850267,0.013513514,0.040941658
2001-05-01,0.029567054,0.041445271,0.017671518,0.044012282
2001-06-01,0.025210084,0.040296925,0.017653167,0.044012282
2001-07-01,0.023133544,0.039194915,0.018672199,0.044012282
2001-08-01,0.022082019,0.035864979,0.018652850,0.044012282
2001-09-01,0.019832985,0.044350581,0.022797927,-0.048803828
2001-10-01,0.011446410,0.034339230,0.022703818,-0.074598678
2001-11-01,0.003102378,0.033195021,0.021627188,-0.093220339
2001-12-01,0.004149378,0.028955533,0.020576132,-0.143505904
2002-01-01,0.009375000,0.022680412,0.021604938,-0.097208855
2002-02-01,0.012474012,0.023662551,0.020533881,-0.076848249
2002-03-01,0.015560166,0.018461538,0.022610483,-0.051080550
2002-04-01,0.022657055,0.018442623,0.021538462,-0.017699115
2002-05-01,0.028717949,0.018367347,0.017364658,-0.020588235
2002-06-01,0.027663934,0.017329256,0.018367347,-0.020588235
2002-07-01,0.036998972,0.015290520,0.018329939,-0.020588235
2002-08-01,0.037037037,0.015274949,0.018311292,-0.020588235
2002-09-01,0.034800409,0.012133468,0.017223911,0.031187123
2002-10-01,0.046296296,0.017102616,0.015136226,0.054081633
2002-11-01,0.052577320,0.016064257,0.015120968,0.080996885
2002-12-01,0.047520661,0.018090452,0.017137097,0.116648993
2003-01-01,0.057791538,0.020161290,0.017119839,0.163113006
2003-02-01,0.060574949,0.022110553,0.017102616,0.203371970
2003-03-01,0.062308478,0.026183283,0.017085427,0.238095238
2003-04-01,0.039274924,0.027162978,0.016064257,0.141141141
2003-05-01,0.026919242,0.030060120,0.017068273,0.060060060
2003-06-01,0.026919242,0.033066132,0.013026052,0.060060060
2003-07-01,0.023785927,0.034136546,0.014000000,0.060060060
2003-08-01,0.025793651,0.032096289,0.014985015,0.060060060
2003-09-01,0.022749753,0.030969031,0.013944223,0.013658537
2003-10-01,0.013765978,0.029673591,0.015904573,0.005808325
2003-11-01,0.011753183,0.028656126,0.014895730,-0.001921230
2003-12-01,0.016765286,0.027640671,0.013875124,0.009496676
2004-01-01,0.005853659,0.032608696,0.012871287,-0.000916590
2004-02-01,0.001936108,0.029498525,0.011869436,-0.039404553
2004-03-01,0.001923077,0.026496565,0.010869565,-0.089464883
2004-04-01,0.009689922,0.023506366,0.011857708,-0.033333333
2004-05-01,0.019417476,0.015564202,0.010858835,0.069877243
2004-06-01,0.022330097,0.015518914,0.012858556,0.069877243
2004-07-01,0.021297193,0.016504854,0.010848126,0.069877243
2004-08-01,0.020309478,0.019436346,0.009842520,0.069877243
2004-09-01,0.021276596,0.018410853,0.008840864,0.102983638
2004-10-01,0.027158099,0.019212296,0.006849315,0.112608277
2004-11-01,0.030009681,0.016330451,0.006849315,0.152069297
2004-12-01,0.028128031,0.020172911,0.007820137,0.103480715
2005-01-01,0.025218235,0.016267943,0.007820137,0.076146789
2005-02-01,0.023188406,0.009551098,0.007820137,0.075660893
2005-03-01,0.023032630,0.014340344,0.008797654,0.110192837
2005-04-01,0.026871401,0.015311005,0.008789062,0.106170599
2005-05-01,0.020952381,0.015325670,0.009765625,0.105030891
2005-06-01,0.017094017,0.012416428,0.009765625,0.105030891
2005-07-01,0.018009479,0.012416428,0.008780488,0.105030891
2005-08-01,0.025592417,0.010486177,0.008771930,0.105030891
2005-09-01,0.037878788,0.021883920,0.009737098,0.154450262
2005-10-01,0.030217186,0.022620170,0.007774538,0.163494810
2005-11-01,0.019736842,0.025519849,0.007774538,0.101086048
2005-12-01,0.024528302,0.022598870,0.006789525,0.081841432
2006-01-01,0.027436140,0.021657250,0.006789525,0.106564365
2006-02-01,0.022662890,0.029328288,0.006789525,0.098305085
2006-03-01,0.021575985,0.027332705,0.006782946,0.055417701
2006-04-01,0.029906542,0.032045240,0.006776379,0.114027892
2006-05-01,0.030783582,0.031132075,0.005802708,0.119009585
2006-06-01,0.029878618,0.033018868,0.006769826,0.119009585
2006-07-01,0.028864060,0.031132075,0.006769826,0.110223642
2006-08-01,0.023105360,0.037735849,0.005797101,0.110223642
2006-09-01,0.003649635,0.027932961,0.004821601,0.027210884
2006-10-01,0.005499542,0.028571429,0.004821601,-0.028996283
2006-11-01,0.013824885,0.030414747,0.005785921,-0.020485584
2006-12-01,0.010128913,0.032228361,0.004816956,0.002364066
2007-01-01,0.010128913,0.033179724,0.004816956,-0.043913713
2007-02-01,0.021237304,0.030330882,0.005780347,-0.037037037
2007-03-01,0.022956841,0.029357798,0.005774783,-0.010188088
2007-04-01,0.015426497,0.025570776,0.005769231,-0.035346097
2007-05-01,0.018099548,0.034766697,0.005769231,-0.064953605
2007-06-01,0.019945603,0.049315068,0.004803074,-0.064953605
2007-07-01,0.017194570,0.052150046,0.006724304,-0.057553957
2007-08-01,0.013550136,0.049090909,0.007684918,-0.057553957
2007-09-01,0.023636364,0.049818841,0.007677543,-0.036055923
2007-10-01,0.023701003,0.051075269,0.008637236,0.003062787
2007-11-01,0.028181818,0.051878354,0.008628955,0.035631294
2007-12-01,0.030993619,0.061552186,0.008628955,0.086477987
2008-01-01,0.029170465,0.062444246,0.008628955,0.124093473
2008-02-01,0.025316456,0.065120428,0.007662835,0.112980769
2008-03-01,0.022441652,0.066844920,0.007655502,0.110847189
2008-04-01,0.025915996,0.068566340,0.007648184,0.119083969
2008-05-01,0.032888889,0.061007958,0.012428298,0.167175573
2008-06-01,0.039111111,0.046997389,0.013384321,0.184732824
2008-07-01,0.040035587,0.048695652,0.012404580,0.185496183
2008-08-01,0.041889483,0.047660312,0.013346044,0.184732824
2008-09-01,0.037300178,0.045729077,0.013333333,0.189312977
2008-10-01,0.031166518,0.041773231,0.014272122,0.151145038
2008-11-01,0.012378426,0.043367347,0.014258555,0.043380703
2008-12-01,-0.000884173,0.031092437,0.015209125,-0.018089725
2009-01-01,0.001771479,0.034424853,0.016159696,-0.002150538
2009-02-01,0.004409171,0.032663317,0.017110266,-0.020878330
2009-03-01,0.001755926,0.029239766,0.016144349,-0.046329294
2009-04-01,-0.000871080,0.025833333,0.017077799,-0.061391542
2009-05-01,-0.007745267,0.025,0.011331445,-0.113145847
2009-06-01,-0.007698888,0.019950125,0.012264151,-0.126288660
2009-07-01,-0.006843456,0.017412935,0.013195099,-0.126851256
2009-08-01,-0.005988024,0.012406948,0.012229539,-0.126288660
2009-09-01,-0.004280822,0.007425743,0.012218045,-0.107188703
2009-10-01,-0.003454231,0.006546645,0.012195122,-0.127984085
2009-11-01,0.017467249,-0.000814996,0.013120900,-0.021505376
2009-12-01,0.024778761,-0.000814996,0.014044944,0.005895357
2010-01-01,0.028293546,-0.005681818,0.013096352,-0.002873563
2010-02-01,0.021071115,-0.007299270,0.011214953,0.007352941
2010-03-01,0.025416301,-0.007305195,0.014018692,0.023916293
2010-04-01,0.022667829,-0.004874086,0.013059701,0.000726744
2010-05-01,0.015611448,-0.002439024,0.014005602,0.015486726
2010-06-01,0.006034483,0.002444988,0.013047530,0.016224189
2010-07-01,0.016365202,0.010594947,0.012093023,0.016224189
2010-08-01,0.016351119,0.012254902,0.013011152,0.016224189
2010-09-01,0.017196905,0.016380016,0.014856082,-0.009345794
2010-10-01,0.027729636,0.013008130,0.014828545,0.053992395
2010-11-01,0.020600858,0.015497553,0.013876041,0.019780220
2010-12-01,0.024179620,0.017128874,0.012927054,0.032967033
2011-01-01,0.027515047,0.019591837,0.015697138,0.072046110
2011-02-01,0.031814273,0.018790850,0.016635860,0.102189781
2011-03-01,0.036752137,0.018806214,0.013824885,0.137956204
2011-04-01,0.039215686,0.017142857,0.013812155,0.148874365
2011-05-01,0.042698548,0.017929910,0.013812155,0.135802469
2011-06-01,0.041131105,0.016260163,0.012879485,0.134978229
2011-07-01,0.032203390,0.008870968,0.012867647,0.135703919
2011-08-01,0.034716342,0.009685230,0.011926606,0.134978229
2011-09-01,0.038038884,0.007252216,0.010978957,0.124818578
2011-10-01,0.036256324,0.008828250,0.010958904,0.116161616
2011-11-01,0.033641716,0.008835341,0.010036496,0.125
2011-12-01,0.025295110,0.007217322,0.010027347,0.120567376
2012-01-01,0.024267782,0.007205765,0.006363636,0.118279570
2012-02-01,0.025,0.008019246,0.007272727,0.103973510
2012-03-01,0.022258862,0.015248796,0.009090909,0.076972418
2012-04-01,0.023789992,0.017656501,0.009082652,0.057522124
2012-05-01,0.017199017,0.015212170,0.011807448,0.055626598
2012-06-01,0.016460905,0.0144,0.013623978,0.056265985
2012-07-01,0.012315271,0.011990408,0.015426497,0.058785942
2012-08-01,0.013093290,0.012789768,0.015412511,0.058823529
2012-09-01,0.013843648,0.0136,0.017194570,0.062580645
2012-10-01,0.012205045,0.010342084,0.017163505,0.070458953
2012-11-01,0.011391375,0.012738854,0.018066847,0.065134100
2012-12-01,0.017269737,0.020700637,0.018050542,0.057594937
2013-01-01,0.013888889,0.018282989,0.019873532,0.016826923
2013-02-01,0.017886179,0.020684169,0.019855596,0.036592681
2013-03-01,0.010483871,0.018181818,0.018918919,0.029779631
2013-04-01,0.004807692,0.013406940,0.018901890,0.020322773
2013-05-01,0.007246377,0.015772871,0.017953321,0.018170806
2013-06-01,0.012145749,0.018138801,0.016129032,0.014527845
2013-07-01,0.014598540,0.018167457,0.014298481,0.026554013
2013-08-01,0.011308562,0.018942384,0.014285714,0.027173913
2013-09-01,0.012048193,0.018942384,0.012455516,0.038858531
2013-10-01,0.008038585,0.022047244,0.011545293,0.030797101
2013-11-01,0.009654063,0.022012579,0.011535049,0.031175060
2013-12-01,0.013742926,0.013260530,0.011524823,0.040095751
2014-01-01,0.015310234,0.015612802,0.011514615,0.063829787
2014-02-01,0.014376997,0.014029618,0.011504425,0.060763889
2014-03-01,0.018355946,0.009316770,0.011494253,0.064198959
2014-04-01,0.018341308,0.014785992,0.011484099,0.087287639
2014-05-01,0.024780176,0.011645963,0.012345679,0.098155860
2014-06-01,0.0216,0.009295120,0.013227513,0.099642005
2014-07-01,0.019184652,0.010085337,0.012334802,0.078777190
2014-08-01,0.019968051,0.007745933,0.012323944,0.073486185
2014-09-01,0.017460317,0.007745933,0.011423550,0.063705435
2014-10-01,0.022328549,0.004622496,0.011413521,0.055653193
2014-11-01,0.015139442,0.003076923,0.011403509,0.037790698
2014-12-01,0.006379585,0.003849115,0.009640666,0.013808976
2015-01-01,-0.001587302,0.003074558,0.009632224,-0.052777778
2015-02-01,-0.000787402,0.004611837,0.008748906,-0.068739771
2015-03-01,0.006269592,0.014615385,0.008741259,-0.035326087
2015-04-01,0.004698512,0.012269939,0.009606987,-0.074892241
2015-05-01,0.005460218,0.010744436,0.006097561,-0.083965330
2015-06-01,0.009397024,0.011511896,0.008703220,-0.083559414
2015-07-01,0.010980392,0.010752688,0.009573542,-0.068119891
2015-08-01,0.008613939,0.013835511,0.008695652,-0.087075575
2015-09-01,0.001560062,0.016141430,0.008688097,-0.096153846
2015-10-01,0.004680187,0.019171779,0.010416667,-0.076581576
2015-11-01,0.005494505,0.019938650,0.010407632,-0.074509804
2015-12-01,0.011885895,0.017638037,0.013020833,-0.068104427
2016-01-01,0.019077901,0.021455939,0.012142238,-0.055131965
2016-02-01,0.011820331,0.017597552,0.013009540,-0.064440539
2016-03-01,0.004672897,0.008339651,0.012998267,-0.100281690
2016-04-01,0.012470772,0.008333333,0.011245675,-0.050087362
2016-05-01,0.012412723,0.012908125,0.013852814,-0.028976937
2016-06-01,0.013188518,0.010622155,0.010353753,-0.025458851
2016-07-01,0.009309542,0.012158055,0.010344828,-0.036257310
2016-08-01,0.010093168,0.011372252,0.011206897,-0.010797840
2016-09-01,0.017133956,0.006807867,0.011197244,0.004255319
2016-10-01,0.013198758,0.004514673,0.009450172,-0.012620192
2016-11-01,0.013270882,0.006766917,0.008583691,0.001815981
2016-12-01,0.014095536,0.010550113,0.006855184,0.015834348
2017-01-01,0.017940718,0.006001500,0.006855184,0.058969584
2017-02-01,0.014797508,0.008270677,0.006849315,0.068252974
2017-03-01,0.013178295,0.009022556,0.005988024,0.070131497
2017-04-01,0.007698229,0.008264463,0.006843456,0.044144697
2017-05-01,0.004597701,0.006746627,0.005977797,0.032277710
2017-06-01,0.004594181,0.010510511,0.006831768,0.029769137
2017-07-01,0.009223674,0.010510511,0.005972696,0.023058252
2017-08-01,0.009992314,0.010494753,0.005967604,0.022437841
2017-09-01,0.012251149,0.011269722,0.005962521,0.015738499
2017-10-01,0.008429119,0.008239700,0.005957447,0.023128424
2017-11-01,0.016949153,0.006721434,0.008510638,0.024169184
2017-12-01,0.015444015,0.008948546,0.009361702,0.022781775
2018-01-01,0.013026820,0.010439970,0.010212766,0.041031653
2018-02-01,0.021488872,0.011931394,0.011054422,0.045720985
2018-03-01,0.023718439,0.012667660,0.012755102,0.045640726
2018-04-01,0.026737968,0.015648286,0.012744265,0.047563124
2018-05-01,0.021357742,0.020848846,0.012733447,0.057227139
2018-06-01,0.020579268,0.020059435,0.012722646,0.058407080
2018-07-01,0.025133283,0.022288262,0.014418999,0.064056940
2018-08-01,0.026636225,0.023738872,0.014406780,0.064056940
2018-09-01,0.015128593,0.026745914,0.014394581,0.064958284
2018-10-01,0.027355623,0.031203566,0.016074450,0.075550268
2018-11-01,0.017424242,0.032640950,0.014345992,0.064896755
2018-12-01,0.015209125,0.030303030,0.014333895,0.032239156
2019-01-01,0.009833585,0.030996310,0.006739680,-0.001689189
2019-02-01,0.010518407,0.033161385,0.008410429,-0.000560538
2019-03-01,0.012705531,0.033848418,0.006717045,0.010632345
2019-04-01,0.011160714,0.033749083,0.007550336,0.011771300
2019-05-01,0.017923824,0.031363968,0.010058676,0.013950893
2019-06-01,0.015683346,0.033503277,-0.001675042,0.011705686
2019-07-01,0.017830609,0.033430233,0.005852843,0.007803790
2019-08-01,0.014825797,0.034057971,0.007518797,-0.006688963
2019-09-01,0.021609538,0.032561505,0.010016694,-0.008393956
2019-10-01,0.009615385,0.031700288,0.016652789,-0.013827434
2019-11-01,0.019359643,0.032327586,0.029118136,-0.011080332
2019-12-01,0.021722846,0.030846485,0.036575229,0.015900057
2020-01-01,0.026966292,0.029348604,0.057740586,0.022560632
2020-02-01,0.023791822,0.027817404,0.050875730,0.011217050
2020-03-01,0.009594096,0.029893238,0.048373645,-0.043189369
2020-04-01,-0.002943341,0.028388928,0.039966694,-0.084764543
2020-05-01,-0.006603081,0.024752475,0.028215768,-0.131535498
2020-06-01,0.003676471,0.023960536,0.054530201,-0.121763085
2020-07-01,-0.003649635,0.023206751,0.020781380,-0.096792035
2020-08-01,-0.004382761,0.021023125,0.010779436,-0.074074074
2020-09-01,-0.005105762,0.025928521,0.024793388,-0.067720090
2020-10-01,0.005860806,0.027234637,0.021294021,-0.068424004
2020-11-01,0.005843682,0.026443981,0.024252223,-0.059383754
2020-12-01,0.008797654,0.028531663,0.030473136,-0.040245947
2021-01-01,0.013858497,0.025730181,0,-0.022614451
2021-02-01,0.013798112,0.022206801,0.033333333,-0.008874099
2021-03-01,0.026315789,0.026952315,0.041368337,0.061342593
2021-04-01,0.040590406,0.028985507,0.048839071,0.118038741
2021-05-01,0.045790251,0.035196687,0.034705408,0.168567807
2021-06-01,0.036630037,0.041982106,0.011933174,0.154328733
2021-07-01,0.044688645,0.038487973,0.061889251,0.131047152
2021-08-01,0.048422597,0.035003432,0.074651354,0.123030303
2021-09-01,0.048387097,0.026639344,0.066935484,0.125302663
2021-10-01,0.049,0.025,0.061,0.14
2021-11-01,0.048,0.021,0.069,0.147
2021-12-01,0.044,0.023,0.061,0.125
2022-01-01,0.047,0.026,0.078,0.116
2022-02-01,0.054,0.026,0.032,0.148
2022-03-01,0.066,0.014,0.036,0.25
